level,trades,volume,premium
664.88,242,3351347,2228243593
660.70,417,3192097,2109018488
660.71,384,1873274,1237690865
660.64,433,529166,349588226
660.34,671,279094,184296932
658.97,413,170954,112653557
659.50,432,98293,64824234
660.26,894,72377,47787638
666.75,1379,66073,44054173
660.24,778,62178,41052403
666.74,1048,60354,40240426
666.60,918,57913,38604806
660.28,789,58461,38600629
660.22,688,58435,38579956
666.62,1079,54879,36583439
660.33,655,54918,36264003
667.67,826,54111,36128291
666.76,991,53610,35745004
660.03,519,53438,35270683
667.50,870,52819,35256683
666.63,906,52508,35003408
666.70,1048,52490,34995083
660.29,765,52330,34552976
660.00,894,51933,34275780
660.27,836,51310,33878454
667.25,1115,50258,33534651
666.88,1025,49911,33284648
660.79,454,49623,32790382
660.01,646,48993,32335870
667.23,1103,47567,31738129
660.36,571,47978,31682752
660.25,896,47637,31452329
658.37,332,47409,31212663
666.46,574,46351,30891087
666.53,514,45954,30629720
660.21,708,45752,30205928
660.15,592,44946,29671102
666.66,820,43502,29001043
660.32,769,43791,28916073
666.73,1000,43250,28836073
660.61,418,43180,28525140
666.86,798,42737,28499596
660.37,563,43066,28439494
667.28,851,42581,28413450
660.50,579,42678,28188819
667.86,731,42157,28154974
660.04,583,42511,28058960
659.88,566,42432,28000028
660.57,456,42336,27965892
667.00,790,41829,27899943
666.41,640,41769,27835279
660.35,603,41396,27335849
660.52,466,41265,27256358
666.93,745,40697,27142050
660.20,668,40336,26629827
667.24,989,39906,26626879
660.12,653,40325,26619339
660.78,465,40283,26618201
666.79,780,39860,26578249
659.99,569,40225,26548098
666.95,664,39663,26453238
658.79,384,40010,26358188
666.39,692,39237,26147144
666.67,779,38939,25959463
660.38,574,39294,25948972
658.88,473,39234,25850498
666.50,661,38670,25773555
666.78,766,38634,25760379
659.37,367,39004,25718067
666.38,1009,38357,25560338
666.72,870,38289,25528042
658.35,345,38656,25449178
666.40,703,38149,25422494
660.11,585,38509,25420176
667.62,898,38029,25388921
666.35,733,38028,25339958
660.88,618,38136,25203320
666.00,340,37801,25175466
660.06,509,38088,25140365
660.49,430,38051,25132305
667.10,884,37605,25086296
666.82,892,37463,24981078
667.12,736,37444,24979641
667.22,968,37372,24935346
660.09,645,37763,24926979
659.96,493,37761,24920750
659.89,527,37765,24920746
667.68,786,37316,24915147
658.33,508,37610,24759791
660.47,486,37379,24687708
660.31,582,37312,24637487
666.64,902,36865,24575684
666.80,810,36771,24518903
666.87,903,36472,24322083
666.83,1050,36461,24313289
658.64,442,36869,24283398
660.05,558,36775,24273339
666.34,658,36408,24260107
667.09,874,36328,24234046
660.39,464,36661,24210558
660.55,436,36440,24070442
667.65,723,35888,23960623
666.85,892,35862,23914575
660.23,624,36149,23866654
659.62,426,36152,23846582
660.75,511,35992,23781714
667.05,631,35635,23770327
666.68,912,35642,23761809
660.30,653,35919,23717316
666.89,3104,35421,23621911
660.02,683,35697,23560734
666.43,566,35321,23538974
660.08,660,35482,23420959
658.36,472,35399,23305286
666.84,899,34823,23221369
666.77,816,34783,23192261
659.95,482,35107,23168865
660.46,498,34960,23089682
666.57,749,34593,23058656
666.71,851,34579,23054165
660.60,436,34869,23034461
660.41,409,34795,22978966
666.81,623,34405,22941598
666.55,704,34308,22867997
666.92,796,33987,22666610
667.20,891,33945,22648104
660.59,489,34263,22633795
659.75,534,34295,22626126
662.74,363,34113,22608050
666.37,785,33923,22605270
666.65,912,33884,22588769
660.54,502,34155,22560744
658.84,318,34222,22546822
660.58,360,34089,22518512
665.01,336,33860,22517239
666.61,809,33758,22503420
663.24,432,33715,22361137
660.43,429,33646,22220828
665.72,319,33342,22196436
660.44,442,33493,22120117
660.07,635,33450,22079342
662.75,497,33212,22011253
658.82,318,33372,21986141
667.27,882,32877,21937836
660.82,538,33188,21931294
658.31,371,33253,21890782
659.74,348,33158,21875659
666.29,583,32744,21817000
666.56,509,32722,21811176
660.45,476,32964,21771074
667.59,852,32469,21675980
659.01,413,32884,21670885
666.97,640,32350,21576480
659.20,407,32574,21472781
666.30,602,32203,21456859
659.98,524,32479,21435490
667.54,674,31849,21260481
660.83,503,32160,21252293
666.42,654,31844,21221478
660.77,437,31995,21141336
658.56,449,32084,21129239
660.10,560,32005,21126501
659.93,430,31969,21097302
660.74,382,31911,21084874
660.84,509,31840,21041146
660.16,530,31784,20982525
660.14,570,31663,20902013
666.31,466,31344,20884821
658.71,464,31668,20860028
660.80,406,31565,20858152
659.84,456,31575,20834448
667.60,867,31191,20823112
658.76,478,31596,20814181
658.68,511,31565,20791234
666.54,599,31148,20761388
667.07,794,31053,20714525
663.39,560,31210,20704402
659.72,395,31374,20698055
667.47,726,31000,20691570
663.37,504,31173,20679233
659.76,449,31282,20638612
666.23,468,30916,20597167
659.25,506,31229,20587718
660.62,456,31045,20508948
666.99,655,30674,20459251
659.34,322,31000,20439540
660.18,622,30723,20282710
660.13,531,30654,20235625
667.89,620,30287,20228384
659.90,392,30583,20181722
660.19,511,30239,19963485
662.62,369,30107,19949500
667.82,854,29822,19915728
659.07,389,30155,19874256
658.92,476,30082,19821631
659.40,392,29884,19705510
659.68,408,29828,19676935
667.08,788,29496,19676192
666.45,620,29511,19667606
658.89,417,29809,19640852
667.64,760,29349,19594566
667.88,755,29297,19566880
667.48,765,29279,19543147
658.25,400,29661,19524353
663.22,472,29377,19483414
666.44,433,29145,19423394
660.76,370,29352,19394628
658.75,513,29439,19392941
660.81,360,29302,19363055
666.36,600,29027,19342432
667.49,732,28925,19307148
666.32,562,28931,19277304
665.95,339,28873,19227974
663.25,423,28970,19214353
661.64,531,28737,19013549
667.01,592,28503,19011786
666.33,646,28532,19011728
659.33,365,28787,18980133
658.67,521,28627,18855746
660.53,466,28471,18805950
658.38,451,28537,18788190
660.48,407,28445,18787354
658.52,386,28512,18775722
660.86,485,28393,18763798
667.83,913,28062,18740645
660.89,466,28338,18728301
658.65,540,28381,18693146
666.59,766,27864,18573864
661.75,345,28024,18544882
667.58,720,27766,18536026
662.72,428,27942,18517722
666.98,649,27701,18476013
660.87,422,27925,18454795
658.57,415,27983,18428764
666.91,678,27609,18412718
658.39,405,27965,18411876
659.97,492,27863,18388744
658.74,447,27914,18388068
658.63,438,27793,18305304
662.65,470,27608,18294441
667.51,718,27331,18243716
659.82,457,27646,18241384
660.68,432,27555,18205037
659.12,410,27512,18133709
659.59,436,27492,18133448
659.83,448,27447,18110354
658.40,339,27504,18108634
667.70,758,27052,18062620
659.71,406,27356,18047027
663.38,509,27162,18018728
660.73,357,27170,17952034
667.21,913,26861,17921928
658.54,430,27208,17917556
662.46,352,27029,17905631
660.72,389,27094,17901548
667.15,694,26773,17861607
665.88,413,26816,17856238
663.21,405,26837,17798567
667.33,759,26599,17750311
660.51,415,26772,17683174
667.63,688,26477,17676840
664.50,411,26593,17671049
660.85,516,26705,17647999
666.90,785,26458,17644840
659.04,365,26763,17637888
660.17,571,26713,17635121
660.56,309,26693,17632328
659.53,376,26711,17616706
659.57,377,26691,17604583
667.19,696,26352,17581791
658.86,361,26663,17567184
659.21,442,26647,17565969
659.69,302,26548,17513450
658.61,306,26563,17494657
660.67,400,26369,17421207
658.70,500,26443,17418004
660.92,412,26213,17324696
664.67,517,26064,17323959
662.93,310,26122,17317057
659.87,466,26217,17299812
666.96,641,25922,17288937
666.69,698,25876,17251270
667.66,788,25829,17244990
667.80,723,25684,17151775
665.02,322,25775,17140891
659.13,345,25900,17071467
661.28,368,25618,16940671
659.78,397,25593,16885750
659.47,267,25433,16772301
666.47,506,24976,16645755
665.90,356,24996,16644836
658.83,339,25255,16638752
660.42,441,25181,16630036
658.55,439,25252,16629705
658.87,341,25131,16558062
658.98,364,25089,16533149
659.18,361,24976,16463680
667.03,574,24640,16435619
659.85,432,24728,16316771
666.51,452,24478,16314832
658.96,478,24701,16276971
662.77,314,24549,16270341
666.48,424,24361,16236119
667.17,750,24231,16166196
658.80,386,24425,16091190
667.13,571,24109,16083837
658.42,304,24425,16081909
661.81,354,24272,16063452
658.32,358,24395,16059716
658.93,430,24368,16056806
659.42,340,24315,16033797
663.03,244,24088,15971067
667.16,673,23831,15899090
659.61,459,24022,15845151
659.91,439,23955,15808144
663.23,416,23833,15806761
667.84,878,23539,15720286
663.32,356,23688,15712724
658.66,541,23823,15691257
665.12,337,23580,15683530
660.93,378,23662,15638926
667.18,760,23399,15611345
662.64,422,23503,15574028
659.30,384,23526,15510692
659.48,398,23514,15507013
663.20,379,23366,15496331
659.65,375,23467,15480007
663.19,354,23300,15452327
658.62,429,23449,15443980
660.66,355,23374,15442267
659.38,365,23399,15428833
666.18,561,23120,15402082
660.69,367,23270,15374256
658.90,461,23332,15373455
658.53,404,23339,15369432
667.29,776,23002,15349005
661.63,503,23123,15298870
661.27,361,23129,15294514
659.55,440,23175,15285071
666.21,562,22943,15284856
663.41,422,23021,15272362
661.82,378,23055,15258260
659.08,368,23137,15249134
663.36,415,22914,15200231
667.45,570,22771,15198504
662.76,305,22929,15196424
659.00,544,23011,15164249
659.03,389,22986,15148464
662.70,359,22857,15147334
660.91,396,22917,15146074
658.59,319,22932,15102786
659.41,353,22787,15025976
659.10,408,22762,15002434
659.29,373,22732,14986980
659.23,447,22686,14955292
664.61,414,22500,14953725
659.52,352,22661,14945383
667.87,688,22276,14877472
667.61,776,22266,14865004
659.19,321,22475,14815295
667.30,657,22175,14797378
667.71,728,22096,14753720
666.20,641,22129,14742340
666.58,746,22110,14738084
664.69,558,22172,14737507
664.42,278,22097,14681689
667.85,666,21939,14651961
659.24,421,22222,14649631
663.42,490,22065,14638362
659.36,339,22183,14626583
665.33,153,21936,14594679
665.24,328,21901,14569421
666.24,367,21809,14530028
659.64,359,22027,14529890
667.79,713,21741,14518422
664.68,536,21826,14507306
659.60,428,21990,14504604
659.32,370,21997,14503062
658.28,396,22021,14495984
660.40,401,21870,14442948
661.66,467,21824,14440068
659.58,384,21886,14435568
667.11,690,21634,14432258
658.95,468,21900,14431005
662.50,402,21675,14359688
663.11,275,21648,14355005
658.78,422,21776,14345593
665.74,334,21539,14339374
665.62,328,21484,14300180
662.61,348,21577,14297136
659.46,294,21657,14281925
667.34,812,21399,14280409
661.68,481,21420,14173186
667.06,560,21229,14161017
663.50,445,21286,14123261
667.57,734,21146,14116435
659.80,399,21385,14109823
658.73,413,21405,14100116
659.94,359,21350,14089719
665.00,371,21178,14083370
665.78,246,21144,14077252
663.13,216,21222,14072945
659.77,429,21319,14065637
667.55,568,21064,14061273
659.92,429,21305,14059596
667.26,942,21011,14019800
659.73,343,21246,14016624
660.65,406,21143,13968123
664.70,592,21009,13964682
667.40,524,20893,13943988
661.59,480,21076,13943671
667.69,634,20801,13888620
666.19,335,20836,13880735
659.31,323,21051,13879135
667.32,822,20785,13870246
665.84,298,20805,13852801
662.63,400,20893,13844329
667.31,583,20722,13827998
659.66,366,20918,13798768
667.36,723,20670,13794331
661.57,391,20825,13777195
664.44,250,20713,13762546
667.76,591,20578,13741165
667.52,736,20560,13724211
666.27,544,20590,13718499
666.52,543,20557,13701652
658.77,393,20789,13695170
658.58,374,20778,13683975
661.62,582,20635,13652529
662.97,299,20589,13649889
659.14,341,20667,13622446
667.95,395,20380,13612821
658.72,424,20616,13580172
665.75,308,20332,13536029
665.91,340,20218,13463368
660.97,258,20360,13457349
663.10,317,20263,13436395
667.53,574,20120,13430704
667.14,608,20111,13416853
660.95,330,20296,13414641
661.26,433,20270,13403740
658.99,360,20302,13378815
659.70,375,20239,13351668
658.85,279,20245,13338418
662.67,391,20093,13315028
662.73,395,20066,13298340
663.09,341,20021,13275725
660.63,373,20093,13274039
664.75,407,19925,13245144
658.05,320,20123,13241940
665.13,383,19905,13239413
667.04,605,19813,13216064
659.06,317,20010,13187791
659.02,383,19967,13158652
667.81,687,19700,13155857
662.66,387,19793,13116029
666.25,614,19669,13104471
662.39,390,19780,13102074
664.57,398,19696,13089371
664.63,458,19680,13079918
658.81,314,19820,13057614
662.88,305,19673,13040838
659.27,407,19757,13025197
658.91,424,19751,13014131
663.18,329,19609,13004297
665.86,302,19505,12987599
667.46,650,19458,12987437
664.10,308,19476,12934012
664.73,352,19451,12929663
658.45,305,19622,12920106
658.11,273,19626,12916067
663.34,420,19459,12907933
664.60,357,19361,12867321
658.10,276,19548,12864539
663.30,300,19347,12832865
662.99,261,19350,12828857
658.18,362,19479,12820688
663.43,431,19291,12798228
667.72,704,19163,12795518
658.69,414,19328,12731160
662.71,385,19210,12730659
664.71,445,19119,12708590
659.63,354,19226,12682046
666.28,423,19024,12675311
667.38,536,18973,12662201
662.59,308,19096,12652819
663.26,324,19034,12624491
665.73,310,18940,12608926
658.03,225,19109,12574295
663.51,454,18940,12566879
658.94,339,19033,12541605
658.50,387,18940,12471990
659.67,343,18899,12467103
662.60,348,18784,12446278
660.90,376,18768,12403771
665.04,309,18589,12362429
661.23,360,18683,12353760
660.96,295,18688,12352020
661.09,251,18624,12312140
665.92,317,18466,12296879
664.41,264,18468,12270324
661.76,385,18457,12214104
663.06,239,18407,12204945
659.49,379,18450,12167591
659.39,290,18424,12148601
658.12,345,18366,12087032
659.26,357,18295,12061162
659.79,361,18216,12018735
663.40,452,18068,11986311
663.00,405,18053,11969139
658.04,244,18141,11937504
659.09,303,18090,11922938
661.25,457,17988,11894565
658.17,326,18063,11888525
658.16,323,17990,11840298
665.71,296,17754,11819015
658.30,408,17937,11807927
662.04,297,17782,11772395
662.87,258,17722,11747382
667.90,476,17536,11712294
661.85,397,17679,11700846
664.16,184,17611,11696522
662.96,301,17642,11695940
664.91,259,17590,11695767
658.20,361,17768,11694898
667.02,535,17520,11686190
659.15,379,17617,11612246
658.00,390,17626,11597908
664.76,371,17424,11582778
663.46,434,17451,11578040
667.56,606,17337,11573488
664.54,315,17311,11503852
658.29,363,17435,11477286
661.14,282,17342,11465490
658.41,308,17383,11445141
658.26,363,17379,11439901
661.29,347,17284,11429736
658.43,308,17323,11405983
667.75,560,17058,11390480
658.24,299,17263,11363197
658.01,190,17263,11359227
667.73,664,16961,11325369
667.39,535,16956,11316265
662.51,332,17037,11287183
664.13,258,16977,11274935
664.43,277,16941,11256109
664.58,322,16920,11244694
662.45,307,16929,11214616
662.53,330,16918,11208683
659.51,298,16954,11181333
663.12,242,16858,11178877
662.00,413,16816,11132192
664.66,493,16696,11097163
661.60,538,16770,11095032
665.67,278,16658,11088731
659.43,282,16796,11075786
663.56,316,16682,11069508
663.47,556,16644,11042795
658.51,369,16726,11014238
658.48,311,16679,10982788
667.35,743,16452,10979242
659.22,370,16641,10970080
659.81,325,16608,10958124
664.56,308,16463,10940651
667.97,287,16342,10915966
662.95,287,16389,10865088
667.93,430,16254,10856534
666.26,447,16272,10841383
662.42,285,16281,10784860
659.17,338,16299,10743812
662.68,372,16169,10714873
667.78,637,16005,10687819
662.03,285,16089,10651401
662.11,255,16056,10630838
658.44,286,16113,10609444
663.62,371,15923,10566821
658.49,329,16047,10566789
659.28,323,16021,10562325
658.13,305,16029,10549166
661.79,428,15914,10531726
663.27,332,15868,10524768
664.62,436,15835,10524258
666.49,373,15751,10497884
660.94,254,15867,10487135
662.10,245,15809,10467139
661.00,320,15817,10455037
659.54,311,15818,10432604
662.24,222,15672,10378625
663.31,335,15603,10349626
659.16,271,15696,10346175
661.56,320,15638,10345475
662.40,337,15611,10340726
658.15,305,15699,10332297
665.66,259,15517,10329046
659.05,321,15621,10295020
663.16,288,15504,10281633
667.74,626,15353,10251812
663.17,314,15364,10188944
658.34,286,15463,10179911
666.15,409,15274,10174775
662.36,290,15347,10165239
662.01,341,15333,10150599
661.96,325,15299,10127326
661.24,343,15315,10126891
666.94,525,15172,10118814
662.31,203,15245,10096916
665.03,332,15176,10092495
662.69,335,15221,10086804
661.77,347,15233,10080742
658.60,323,15306,10080532
664.98,227,15148,10073117
661.20,236,15206,10054207
658.23,355,15244,10034058
664.95,231,15082,10028776
662.89,249,15084,9999033
666.22,425,14999,9992634
665.77,209,14957,9957922
658.22,309,15125,9955578
663.55,342,14991,9947278
662.52,331,14963,9913287
662.34,268,14924,9884762
662.98,278,14909,9884369
664.64,394,14857,9874556
663.49,411,14846,9850173
661.73,399,14865,9836616
667.41,474,14721,9824943
659.45,307,14895,9822508
661.84,312,14838,9820382
662.82,322,14792,9804433
658.08,238,14867,9783675
659.86,377,14728,9718418
658.27,347,14724,9692367
667.44,514,14477,9662529
663.29,283,14552,9652196
664.22,234,14468,9609935
658.06,212,14543,9570167
661.86,323,14419,9543359
661.83,319,14384,9519763
663.35,430,14333,9507796
663.14,231,14329,9502133
663.01,276,14311,9488336
664.17,193,14257,9469072
663.05,261,14228,9433875
661.87,316,14239,9424367
661.43,187,14196,9389660
665.70,279,14099,9385704
662.12,208,14139,9361715
664.49,305,14083,9358013
658.21,343,14214,9355797
661.54,321,14128,9346237
661.70,415,14123,9345189
662.33,232,14087,9330243
665.85,327,14010,9328559
667.43,532,13959,9316655
661.97,276,14069,9313256
661.98,261,14028,9286255
665.65,266,13931,9273170
658.19,295,14077,9265341
665.15,229,13928,9264209
663.58,337,13938,9248978
663.04,283,13863,9191724
661.58,442,13892,9190669
664.97,219,13800,9176586
661.37,220,13839,9152699
661.74,252,13830,9151864
664.51,288,13711,9111097
663.45,445,13702,9090592
663.33,336,13703,9089611
668.21,89,13588,9079637
664.00,229,13633,9052312
662.49,256,13646,9040339
659.44,211,13683,9023118
665.25,298,13536,9004824
661.80,355,13554,8970037
661.71,369,13552,8967494
657.95,254,13611,8955357
662.15,227,13513,8947633
665.64,289,13401,8920242
657.97,304,13551,8916151
664.90,292,13400,8909660
664.80,362,13400,8908320
662.84,241,13427,8899953
662.58,286,13423,8893811
661.22,279,13449,8892748
665.10,249,13336,8869774
666.16,308,13284,8849269
668.16,109,13242,8847775
664.72,369,13308,8846094
661.67,466,13366,8843881
661.93,285,13345,8833456
662.02,339,13313,8813472
658.07,264,13370,8798396
661.78,347,13295,8798365
667.42,470,13170,8789921
667.96,415,13158,8789018
661.90,284,13256,8774146
665.68,285,13174,8769668
657.90,226,13321,8763886
661.88,354,13220,8750054
662.38,356,13210,8750040
663.59,359,13177,8744125
668.41,146,13048,8721414
661.92,254,13140,8697629
665.96,200,13051,8691444
663.07,219,13092,8680912
665.59,264,13034,8675300
664.81,272,13036,8666463
659.11,340,13121,8648182
661.08,215,13041,8621144
667.37,551,12877,8593723
662.13,258,12927,8559355
661.30,275,12935,8553916
665.80,212,12797,8520243
662.19,155,12856,8513115
659.35,314,12894,8501659
662.55,273,12822,8495216
664.07,256,12792,8494783
661.16,219,12828,8481360
661.91,264,12808,8477743
663.48,377,12758,8464678
667.77,561,12657,8451965
663.61,342,12675,8411257
665.63,240,12618,8398919
667.92,427,12556,8386404
665.36,230,12590,8376882
662.94,239,12626,8370280
665.06,258,12558,8351823
661.12,234,12584,8319534
662.09,231,12556,8313202
660.98,226,12574,8311163
658.02,215,12614,8300264
664.99,238,12472,8293755
665.21,203,12410,8255256
666.12,378,12390,8253227
660.99,226,12484,8251799
662.79,240,12447,8249747
664.59,293,12412,8248891
665.09,257,12386,8237805
661.05,199,12460,8236683
661.53,299,12435,8226126
663.60,365,12389,8221340
665.23,245,12323,8197629
661.61,451,12384,8193378
657.89,208,12407,8162441
662.37,313,12259,8119994
665.87,255,12191,8117621
664.46,259,12172,8087807
658.14,304,12249,8061557
663.53,331,12148,8060562
661.65,455,12165,8048972
665.05,248,12093,8042450
665.20,210,12090,8042268
665.79,220,12017,8000798
663.93,205,11998,7965832
662.47,277,11992,7944340
668.60,200,11882,7944305
665.81,185,11890,7916481
658.46,315,12008,7906788
665.55,179,11868,7898747
662.05,291,11893,7873761
662.78,235,11844,7849966
663.44,417,11820,7841861
665.57,236,11766,7831097
662.86,238,11782,7809817
662.43,282,11780,7803425
664.04,241,11713,7777901
664.65,391,11702,7777734
662.57,199,11679,7738155
663.94,146,11615,7711663
662.07,270,11629,7699212
661.32,208,11603,7673296
665.11,309,11433,7604203
668.56,141,11351,7588825
661.51,236,11452,7575613
663.90,130,11390,7561821
662.54,258,11396,7550306
661.11,212,11397,7534671
663.15,287,11334,7516142
663.57,357,11308,7503650
661.17,208,11347,7502296
668.39,106,11215,7495994
665.08,241,11203,7450891
661.72,351,11251,7445012
663.52,420,11195,7428106
662.92,231,11167,7402828
659.56,262,11203,7389051
665.60,264,11022,7336243
657.93,214,11117,7314208
662.41,313,11025,7303070
664.38,269,10985,7298214
662.81,239,10977,7275665
667.98,245,10867,7258939
662.26,206,10943,7247111
662.83,270,10925,7241418
662.80,270,10923,7239764
665.50,137,10840,7214020
662.23,193,10876,7202413
661.69,324,10858,7184630
658.09,241,10896,7170549
658.47,297,10881,7164812
664.74,388,10738,7137978
664.53,329,10721,7124426
665.53,195,10677,7105864
668.59,268,10619,7099757
668.40,123,10609,7091056
664.12,370,10675,7089481
668.53,139,10567,7064357
664.25,218,10630,7060978
661.21,223,10645,7038580
663.54,320,10602,7034851
664.78,269,10575,7030049
663.80,134,10578,7021676
661.40,212,10589,7003565
665.37,178,10514,6995700
661.52,278,10516,6956544
663.97,176,10467,6949774
662.16,189,10480,6939437
665.82,230,10418,6936513
661.31,189,10436,6901431
657.84,134,10457,6879033
665.35,197,10329,6872400
661.15,213,10391,6870010
662.28,137,10194,6751282
665.47,121,10119,6733891
665.93,262,10104,6728557
661.89,259,10117,6696341
664.01,212,10080,6693221
664.09,326,10078,6692699
665.27,230,10046,6683302
664.02,237,10058,6678713
661.04,171,10097,6674521
668.26,97,9941,6643173
668.38,97,9903,6618967
665.07,234,9936,6608136
666.13,266,9916,6605345
663.08,301,9957,6602288
662.44,260,9961,6598565
664.18,226,9917,6586673
662.25,187,9945,6586076
668.00,285,9845,6576460
657.88,200,9977,6563669
662.20,150,9876,6539887
661.49,194,9882,6536844
661.46,187,9875,6531918
664.92,232,9813,6524860
665.76,202,9788,6516459
661.19,189,9817,6490902
661.38,214,9772,6463005
668.17,134,9665,6457863
666.14,408,9689,6454230
662.27,196,9711,6431304
662.22,161,9646,6387774
665.83,221,9569,6371327
665.69,253,9549,6356674
663.92,173,9540,6333797
661.50,226,9545,6314018
661.95,284,9535,6311693
664.29,134,9465,6287505
661.94,182,9491,6282473
667.91,492,9399,6277686
665.89,224,9402,6260698
663.28,249,9436,6258710
668.28,101,9363,6257106
668.68,63,9327,6236778
668.58,210,9317,6229160
664.86,166,9363,6225084
664.77,339,9340,6208952
662.21,143,9355,6194975
662.56,189,9336,6185660
666.17,391,9279,6181391
657.96,229,9372,6166401
661.55,384,9286,6143153
661.18,217,9232,6104014
665.94,209,9085,6050065
661.07,198,9134,6038213
664.87,182,9066,6027711
664.48,271,9069,6026169
665.14,287,9029,6005549
664.82,299,8996,5980721
661.10,184,9039,5975683
664.96,208,8983,5973336
664.21,204,8975,5961285
661.06,153,8972,5931030
657.62,134,8905,5856106
668.49,277,8752,5850624
665.58,207,8789,5849783
665.98,134,8776,5844640
665.61,275,8748,5822756
664.08,268,8761,5818005
664.52,284,8755,5817873
662.08,165,8736,5783931
665.99,131,8681,5781459
663.64,160,8683,5762386
662.32,160,8696,5759535
661.34,222,8708,5758949
662.06,213,8649,5726157
661.48,189,8619,5701296
668.18,81,8532,5700912
664.83,240,8555,5687621
661.01,168,8576,5668822
664.55,314,8516,5659308
663.02,235,8509,5641637
661.33,210,8525,5637838
661.13,185,8456,5590515
668.42,96,8286,5538528
664.24,200,8332,5534448
668.55,172,8255,5518880
661.45,153,8342,5517816
661.44,128,8324,5505827
657.92,210,8345,5490342
661.36,248,8242,5450929
668.25,146,8121,5426858
662.35,224,8177,5416036
665.30,181,8125,5405563
668.47,204,8080,5401238
668.44,129,8056,5384953
665.54,165,8016,5334969
664.37,216,8026,5332234
668.57,174,7955,5318474
662.18,143,8010,5304062
665.45,116,7961,5297647
665.43,101,7932,5278191
657.98,208,8011,5271078
665.51,100,7877,5242222
662.90,177,7898,5235584
661.39,193,7914,5234240
665.42,99,7806,5194269
664.23,215,7794,5177009
657.80,156,7851,5164388
662.14,183,7779,5150787
657.79,133,7814,5139971
664.19,189,7719,5126883
665.18,221,7686,5112573
661.02,132,7724,5105718
657.94,188,7736,5089824
657.77,125,7674,5047727
665.22,184,7574,5038376
662.91,166,7584,5027509
661.41,193,7587,5018118
667.99,218,7448,4975190
661.42,183,7520,4973878
663.73,107,7435,4934833
668.52,167,7243,4842090
664.15,189,7268,4827042
664.06,272,7255,4817755
664.89,224,7237,4811809
657.73,92,7277,4786301
664.39,239,7203,4785601
666.02,157,7176,4779360
665.28,174,7159,4762740
662.85,238,7163,4747995
665.29,169,7122,4738195
664.94,209,7112,4729053
664.93,248,7075,4704380
664.79,285,7048,4685440
657.87,199,7111,4678114
662.48,268,7047,4668497
665.34,144,6994,4653388
668.50,229,6933,4634711
657.91,216,6991,4599449
664.84,201,6917,4598698
668.46,151,6874,4594994
664.11,267,6885,4572397
665.31,121,6810,4530761
664.35,241,6811,4524888
664.20,210,6789,4509254
665.48,100,6767,4503303
657.72,119,6834,4494858
665.38,157,6733,4480004
662.29,130,6727,4455225
661.35,258,6658,4403268
668.15,83,6572,4391082
665.17,300,6601,4390787
665.19,153,6599,4389589
668.07,104,6548,4374522
668.61,195,6538,4371372
657.63,117,6612,4348250
664.34,148,6544,4347441
665.97,106,6498,4327473
663.99,103,6418,4261488
666.11,208,6352,4231131
665.32,103,6311,4198835
661.99,225,6289,4163255
665.56,169,6255,4163078
665.40,74,6244,4154758
664.26,202,6253,4153618
657.68,136,6280,4130230
666.07,244,6195,4126304
661.03,133,6219,4110946
664.47,227,6176,4103767
664.36,174,6168,4097772
657.86,188,6224,4094521
664.05,239,6164,4093204
666.01,147,6125,4079311
657.67,171,6201,4078212
657.81,115,6194,4074475
668.51,189,6053,4046491
657.69,139,6121,4025720
657.70,152,6090,4005393
668.34,52,5939,3969271
657.66,125,5994,3942014
668.29,77,5865,3919521
664.14,176,5781,3839393
663.78,86,5667,3761641
665.26,224,5652,3760050
663.85,128,5641,3744778
663.70,69,5626,3733976
663.95,175,5528,3670316
661.47,166,5532,3659252
662.30,137,5518,3654571
668.20,89,5468,3653718
663.79,124,5447,3615664
663.98,118,5424,3601428
657.71,101,5423,3566761
657.78,122,5421,3565825
665.49,106,5356,3564364
665.44,96,5341,3554115
668.62,173,5294,3539674
668.06,80,5286,3531365
665.16,167,5241,3486104
657.25,46,5300,3483425
668.24,61,5207,3479526
657.75,137,5223,3435428
666.03,182,5149,3429388
657.85,172,5212,3428714
664.85,177,5131,3411345
663.83,96,5136,3409431
657.61,62,5177,3404447
657.99,166,5153,3390622
665.46,102,5072,3375213
663.81,102,5068,3364189
657.65,115,5091,3348096
666.06,157,5020,3343621
668.48,231,4944,3304965
657.24,58,4978,3271741
657.30,77,4857,3192506
664.45,219,4788,3181387
657.28,67,4752,3123395
664.40,278,4683,3111385
662.17,122,4660,3085712
667.94,343,4572,3053822
668.43,135,4484,2997240
663.87,94,4480,2974138
664.33,156,4412,2931024
663.82,96,4403,2922799
657.58,70,4405,2896640
663.71,77,4346,2884484
657.59,96,4304,2830267
657.57,69,4206,2765739
657.74,86,4197,2760535
664.30,105,4129,2742895
668.45,123,4081,2727944
666.05,233,4060,2704163
663.63,190,4027,2672438
663.96,145,4011,2663144
666.04,129,3914,2606881
665.52,98,3901,2596194
664.27,151,3777,2508948
663.86,98,3757,2494122
664.28,105,3736,2481750
663.84,108,3718,2468157
668.05,101,3675,2455084
665.41,95,3680,2448709
668.54,130,3619,2419446
657.49,51,3603,2368936
668.63,108,3485,2330176
665.39,68,3478,2314226
664.03,201,3458,2296216
666.10,127,3411,2272067
657.83,79,3453,2271487
664.31,93,3380,2245368
668.01,148,3318,2216457
664.32,134,3332,2213514
657.64,72,3360,2209670
663.91,118,3300,2190903
663.88,159,3297,2188812
668.04,67,3210,2144408
668.27,89,3199,2137796
657.34,50,3140,2064048
663.76,89,3102,2058984
668.23,46,3081,2058817
657.76,103,3129,2058131
657.55,53,3093,2033802
668.10,105,2981,1991606
668.19,49,2947,1969156
663.75,136,2870,1904963
663.77,88,2865,1901701
668.09,92,2839,1896708
668.22,29,2834,1893735
663.72,63,2808,1863726
657.56,54,2798,1839853
657.82,86,2775,1825451
668.35,45,2714,1813902
663.89,102,2659,1765284
657.20,37,2683,1763268
666.09,75,2586,1722509
666.08,204,2560,1705165
668.11,81,2531,1690986
657.31,56,2548,1674826
657.33,46,2498,1642010
668.32,21,2412,1611988
668.02,107,2274,1519077
657.37,49,2262,1486971
663.65,112,2200,1460030
668.14,54,2140,1429820
668.12,66,2104,1405724
663.68,73,2030,1347270
663.66,60,2030,1347230
657.50,47,2044,1343930
657.23,43,2039,1340092
668.37,40,1984,1326046
668.03,101,1970,1316019
668.13,63,1964,1312207
657.29,66,1987,1306035
657.51,43,1971,1295952
663.67,87,1909,1266946
657.36,56,1846,1213487
663.74,101,1821,1208671
668.08,79,1781,1189850
657.38,42,1763,1158961
657.60,54,1741,1144882
657.46,26,1688,1109792
668.33,18,1599,1068660
657.26,56,1593,1047015
668.30,51,1463,977723
657.54,40,1446,950803
657.32,44,1220,801930
657.53,47,1217,800214
657.27,33,1166,766377
657.45,21,1134,745548
668.36,32,1110,741880
668.67,37,1055,705447
668.65,63,1027,686704
663.69,47,1004,666345
668.66,77,986,659299
657.52,36,841,552974
657.17,21,800,525736
668.64,76,785,524882
657.35,38,732,481180
668.70,15,687,459397
657.47,15,693,455627
657.18,17,685,450168
657.21,30,653,429158
657.48,21,612,402378
668.69,54,468,312947
657.44,11,451,296505
657.19,16,435,285878
657.12,7,369,242477
657.22,31,330,216883
668.71,14,314,209975
657.39,14,319,209707
668.31,9,189,126311
657.14,4,161,105800
657.40,5,153,100582
657.16,8,136,89374
657.13,3,104,68342
657.41,4,78,51278
627.03,1,40,25081
657.43,4,28,18408
657.15,2,2,1314
657.11,1,1,657
